{
    "stove":{
        "xspxzg":{
            "y":{
                "radius" : 0.021,
                "offset" :[0.18810872750816, -0.33390535888776096, 0.31839857182617937]
            },
            "r":{
                "radius" : 0.02,
                "offset" : [0.18886621387060287, -0.33390535888776096, 0.31292069314954174]
            },
            "y_1":{
                "radius" : 0.042,
                "offset" : [-0.127441834591681, 0.3672926037687336, 0.3162567409392252]
            },
            "r_1":{
                "radius" : 0.044,
                "offset" : [-0.1272045284248995, 0.36844445568915773, 0.3153848881913909]
            }
        },
        "dwhqap":{
            "y":{
                "radius" : 0.038,
                "offset" : [0.11542920290158692, -0.1330980032090715, 0.4187809577688394]
            },
            "r":{
                "radius" : 0.04,
                "offset" : [0.11524518741941314, -0.13390583708147574, 0.41585573809382304]
            }
        },
        "igwqpj":{
            "y":{
                "radius" : 0.034,
                "offset" : [0.26985016095132736, -0.10289321295537768, 0.24978023977743646]
            },
            "r":{
                "radius" : 0.035,
                "offset" : [0.26977861330111386, -0.10312531844159273, 0.24968870319168868]
            },
            "y_1":{
                "radius" : 0.034,
                "offset" : [-0.08547227637310606, -0.1017337339888506, 0.2455035384080274]
            },
            "r_1":{
                "radius" : 0.035,
                "offset" : [-0.08537210340144286, -0.1017337339888506, 0.241575688786415]
            }
        },
        "rgpphy":{
            "y":{
                "radius" : 0.055,
                "offset" : [0.23521673267871912, 0.04883283844841846, 0.26167319025910885]
            },
            "r":{
                "radius" : 0.04,
                "offset" : [0.23702152867361764, 0.04620414414995988, 0.24647997327691895]
            }
        },
        "dusebh" :{
            "y":{
                "radius" : 0.024,
                "offset" : [0.20429025928652783, -0.033526506920980026, 0.22096331239494538]
            },
            "r":{
                "radius" : 0.028,
                "offset" : [0.2017343999441885, -0.03290508804832215, 0.22040720310338957]
            }
        },
        "yhjzwg":{
            "y":{
                "radius" : 0.045,
                "offset" : [-0.221581028236577, 0.10601011230521662, 0.302974099593712]
            },
            "r":{
                "radius" : 0.046,
                "offset" : [-0.2215824381459317, 0.1066976823802448, 0.3018883557371277]
            },
            "y_1":{
                "radius" : 0.045,
                "offset" :[0.227905346175989, -0.14128099358484203, 0.3006459230096309]
            },
            "r_1":{
                "radius" : 0.046,
                "offset" :[0.22762922719231193, -0.14082719493076734, 0.29843899876867097]
            }
        },
        "qbjiva":{
            "y":{
                "radius" : 0.023,
                "offset" :[-0.2762354836194597, -0.08591900562264776, 0.17724852646878186]
            },
            "r":{
                "radius" : 0.025,
                "offset" : [-0.27708237754008447, -0.0839449474668208, 0.17286020455009699]
            },
            "y_1":{
                "radius" : 0.023,
                "offset" :[0.10932557141353905, -0.08603818213659453, 0.17716903203737122]
            },
            "r_1":{
                "radius" : 0.025,
                "offset" :[0.10917724937357032, -0.0839692976211388, 0.17427992530234915]
            }
        },
        "urgtyy":{
            "y":{
                "radius" : 0.054,
                "offset" :[0.16410579742705278, -0.5185186129093278, 0.3634811847832653]
            },
            "r":{
                "radius" : 0.057,
                "offset" :[0.1637024289881588, -0.5180979250249946, 0.3629031089264757]
            }
        },
        "ykretu":{
            "y":{
                "radius" : 0.04,
                "offset" :[0.22489471393313765, 0.007949442606935087, 0.27863596052487216]
            },
            "r":{
                "radius" : 0.05,
                "offset" :[0.22188357145444115, 0.010386935647545226, 0.27794117015065667]
            }
        }
    },
    "sink":{
        "bnpjjy":{
            "offset":[-0.01783198, -0.0340878, -0.01070601],
            "scale": [0.2, 0.2, 0.22]
        },
        "czyfhq":{
            "offset":[0.02646136, -0.00695502, -0.03710253],
            "scale": [0.2, 0.2, 0.3]
        },
        "xiybkb":{
            "offset":[ 0.01257473, -0.01464521, -0.05785424],
            "scale": [0.15, 0.15, 0.223]
        },
        "zexzrc":{
            "offset":[ 0.014563, -0.00122575, -0.07835081],
            "scale": [0.15, 0.15, 0.11]
        },
        "jqvfyl":{
            "offset":[ 0.09040918, -0.68190743, -0.1235472 ],
            "scale": [0.8, 0.8, 2.35]
        },
        "egwapq":{
            "offset":[ 0.1238462, -0.06920968, -0.37463555],
            "scale": [1.1000000163912773, 1.1000000163912773, 1.55]
        },
        "ojjqku":{
            "offset":[ 4.02655311e-06, -2.96019843e-02, -1.58228189e-01],
            "scale": [1, 1, 1.05]
        },
        "ejooms":{
            "offset":[ 0.10960217, -0.01453391, -0.04166584],
            "scale": [0.15, 0.15, 0.205]
        },
        "yfaufu":{
            "offset":[ 0.09197961, -0.00179933, -0.066615  ],
            "scale": [0.15, 0.15, 0.165]
        },
        "upwldu":{
            "offset":[ 0.12948046, 0.42088722, -0.14370354],
            "scale": [1, 1, 0.7]
        },
        "yyntym":{
            "offset":[ 0.08554991, 0.62382656, -0.09360805],
            "scale": [1, 1, 1.75]
        },
        "wavlkt":{
            "offset":[ 0.12382789, 1.02579082, -0.27943627],
            "scale": [1, 1, 1]
        }
    },
    "commercial_kitchen_sink":{
        "nmxgbm":{
            "offset":[ 0.02472307, 0.18389307, -0.17355472],
            "scale": [0.8, 0.8, 1.4]
        },
        "ollneo":{
            "offset":[-0.07342126, -0.18319379, 0.00956983],
            "scale": [1, 1, 1.39]
        },
        "xecfyh":{
            "offset":[ -0.0428623, -0.21934462, -0.0560444 ],
            "scale": [1, 1, 1.26]
        }
    }
}
